IP Address,Date,Time,Success,Failed
54.36.149.41,22/01/2019,19:03:56,successful: 214,failed: 10
31.55.96.51,22/01/2019,19:03:56,successful: 46,failed: 181
31.56.96.51,22/01/2019,19:03:56,successful: 45,failed: 205
40.77.167.129,22/01/2019,19:03:56,successful: 284,failed: 242
91.99.72.15,22/01/2019,19:03:56,successful: 110,failed: 163
40.77.167.129,22/01/2019,19:03:56,successful: 44,failed: 252
40.77.167.129,22/01/2019,19:03:56,successful: 170,failed: 237
40.77.167.129,22/01/2019,19:03:56,successful: 109,failed: 110
66.249.66.194,22/01/2019,19:03:56,successful: 55,failed: 170
40.77.167.129,22/01/2019,19:03:56,successful: 12,failed: 76
207.46.13.136,22/01/2019,19:03:56,successful: 285,failed: 182
40.77.167.129,22/01/2019,19:03:56,successful: 182,failed: 184
178.253.33.51,22/01/2019,19:03:56,successful: 32,failed: 58
40.77.167.129,22/01/2019,19:03:56,successful: 54,failed: 29
91.99.72.15,22/01/2019,19:03:56,successful: 206,failed: 205
40.77.167.129,22/01/2019,19:03:56,successful: 144,failed: 246
207.46.13.136,22/01/2019,19:03:56,successful: 69,failed: 150
40.77.167.129,22/01/2019,19:03:56,successful: 63,failed: 230
40.77.167.129,22/01/2019,19:03:56,successful: 165,failed: 122
66.249.66.194,22/01/2019,19:03:56,successful: 56,failed: 248
91.99.72.15,22/01/2019,19:03:56,successful: 111,failed: 153
178.253.33.51,22/01/2019,19:03:56,successful: 255,failed: 158
66.249.66.91,22/01/2019,19:03:56,successful: 206,failed: 88
31.56.96.51,22/01/2019,19:03:56,successful: 64,failed: 117
